id,name,generic_name,category,price_pkr,stock,dosage,description,manufacturer,requires_prescription,image_url
1,Panadol,Paracetamol,Painkiller,50,500,500mg,"Bukhar aur dard ke liye",GSK,No,https://www.drugs.com/images/pills/fio/GOO04710.JPG
2,Brufen,Ibuprofen,Painkiller,80,400,400mg,"Dard aur sozish ke liye",Abbott,No,https://www.drugs.com/images/pills/fio/RTX05510.JPG
3,Disprin,Aspirin,Painkiller,30,600,300mg,"Sir dard aur bukhar ke liye",Reckitt,No,https://www.drugs.com/images/pills/fio/ANN02070.JPG
4,Flagyl,Metronidazole,Antibiotic,120,300,400mg,"Infection ke liye",Sanofi,Yes,https://www.drugs.com/images/pills/fio/GOO04860.JPG
5,Augmentin,Amoxicillin+Clavulanate,Antibiotic,450,200,625mg,"Bacterial infection ke liye",GSK,Yes,https://www.drugs.com/images/pills/fio/GOO04870.JPG
6,Amoxil,Amoxicillin,Antibiotic,180,350,500mg,"Bacterial infection ke liye",GSK,Yes,https://www.drugs.com/images/pills/fio/GOO04850.JPG
7,Ciprofloxacin,Ciprofloxacin,Antibiotic,200,300,500mg,"Urinary aur bacterial infection",Searle,Yes,https://www.drugs.com/images/pills/fio/GOO04880.JPG
8,Azithromycin,Azithromycin,Antibiotic,350,250,500mg,"Chest aur throat infection",Various,Yes,https://www.drugs.com/images/pills/fio/GOO04890.JPG
9,Omeprazole,Omeprazole,Antacid,90,400,20mg,"Acidity aur ulcer ke liye",Various,No,https://www.drugs.com/images/pills/fio/GOO04900.JPG
10,Gaviscon,Alginate+Antacid,Antacid,250,300,Syrup,"Heartburn aur acidity",Reckitt,No,https://images.unsplash.com/photo-1584308666744-24d5c474f2ae?w=400&q=80
11,Nexium,Esomeprazole,Antacid,600,150,40mg,"Severe acidity aur GERD",AstraZeneca,Yes,https://www.drugs.com/images/pills/fio/GOO04910.JPG
12,Eno,Sodium Bicarbonate,Antacid,60,500,Sachet,"Fori acidity relief",GSK,No,https://images.unsplash.com/photo-1584308666744-24d5c474f2ae?w=400&q=80
13,Zantac,Ranitidine,Antacid,100,200,150mg,"Acidity aur ulcer",GSK,Yes,https://www.drugs.com/images/pills/fio/GOO04920.JPG
14,Metformin,Metformin,Diabetes,150,400,500mg,"Sugar control ke liye",Various,Yes,https://www.drugs.com/images/pills/fio/GOO04930.JPG
15,Glucophage,Metformin,Diabetes,200,300,1000mg,"Type 2 diabetes",Merck,Yes,https://www.drugs.com/images/pills/fio/GOO04940.JPG
16,Amaryl,Glimepiride,Diabetes,300,200,2mg,"Blood sugar control",Sanofi,Yes,https://www.drugs.com/images/pills/fio/GOO04950.JPG
17,Insulin Mixtard,Insulin,Diabetes,1200,100,100IU/ml,"Diabetes injection",Novo Nordisk,Yes,https://images.unsplash.com/photo-1631549916768-4119b2e5f926?w=400&q=80
18,Amlodipine,Amlodipine,Blood Pressure,120,400,5mg,"Blood pressure control",Various,Yes,https://www.drugs.com/images/pills/fio/GOO04960.JPG
19,Norvasc,Amlodipine,Blood Pressure,350,200,10mg,"High BP ke liye",Pfizer,Yes,https://www.drugs.com/images/pills/fio/GOO04970.JPG
20,Atenolol,Atenolol,Blood Pressure,80,350,50mg,"BP aur heart rate control",Various,Yes,https://www.drugs.com/images/pills/fio/GOO04980.JPG
21,Lisinopril,Lisinopril,Blood Pressure,150,300,10mg,"Hypertension treatment",Various,Yes,https://www.drugs.com/images/pills/fio/GOO04990.JPG
22,Losartan,Losartan,Blood Pressure,200,250,50mg,"Blood pressure",Various,Yes,https://www.drugs.com/images/pills/fio/GOO05000.JPG
23,Lipitor,Atorvastatin,Cholesterol,500,200,20mg,"Cholesterol kam karne ke liye",Pfizer,Yes,https://www.drugs.com/images/pills/fio/GOO05010.JPG
24,Rosuvastatin,Rosuvastatin,Cholesterol,300,250,10mg,"Cholesterol control",Various,Yes,https://www.drugs.com/images/pills/fio/GOO05020.JPG
25,Crestor,Rosuvastatin,Cholesterol,700,150,20mg,"High cholesterol",AstraZeneca,Yes,https://www.drugs.com/images/pills/fio/GOO05030.JPG
26,Zocor,Simvastatin,Cholesterol,250,200,20mg,"Cholesterol treatment",MSD,Yes,https://www.drugs.com/images/pills/fio/GOO05040.JPG
27,Ventolin,Salbutamol,Respiratory,400,200,Inhaler,"Asthma aur breathing issues",GSK,Yes,https://images.unsplash.com/photo-1587854692152-cbe660dbde88?w=400&q=80
28,Symbicort,Budesonide+Formoterol,Respiratory,1800,100,Inhaler,"Asthma control inhaler",AstraZeneca,Yes,https://images.unsplash.com/photo-1587854692152-cbe660dbde88?w=400&q=80
29,Seretide,Fluticasone+Salmeterol,Respiratory,2000,80,Inhaler,"Asthma prevention",GSK,Yes,https://images.unsplash.com/photo-1587854692152-cbe660dbde88?w=400&q=80
30,Benadryl,Diphenhydramine,Cough & Cold,120,400,Syrup,"Khansi aur nazla",J&J,No,https://images.unsplash.com/photo-1584308666744-24d5c474f2ae?w=400&q=80
31,Actifed,Triprolidine+Pseudoephedrine,Cough & Cold,150,300,Tablet,"Nazla aur band naak",GSK,No,https://www.drugs.com/images/pills/fio/GOO05050.JPG
32,Strepsils,Dichlorobenzyl alcohol,Cough & Cold,100,500,Lozenge,"Gale ki kharish",Reckitt,No,https://images.unsplash.com/photo-1550572017-edd951b55104?w=400&q=80
33,Robitussin,Guaifenesin,Cough & Cold,200,350,Syrup,"Balgham wali khansi",Pfizer,No,https://images.unsplash.com/photo-1584308666744-24d5c474f2ae?w=400&q=80
34,Rhinocort,Budesonide,Allergy,800,150,Nasal Spray,"Naak ki allergy",AstraZeneca,Yes,https://images.unsplash.com/photo-1559757175-5700dde675bc?w=400&q=80
35,Allegra,Fexofenadine,Allergy,400,250,120mg,"Allergy relief",Sanofi,No,https://www.drugs.com/images/pills/fio/GOO05060.JPG
36,Zyrtec,Cetirizine,Allergy,200,400,10mg,"Allergy aur urticaria",UCB,No,https://www.drugs.com/images/pills/fio/GOO05070.JPG
37,Clarityn,Loratadine,Allergy,180,350,10mg,"Non-drowsy allergy relief",MSD,No,https://www.drugs.com/images/pills/fio/GOO05080.JPG
38,Avil,Pheniramine,Allergy,50,500,25mg,"Allergy aur itching",Sanofi,No,https://www.drugs.com/images/pills/fio/GOO05090.JPG
39,Imodium,Loperamide,Diarrhea,150,400,2mg,"Diarrhea band karne ke liye",J&J,No,https://www.drugs.com/images/pills/fio/GOO05100.JPG
40,ORS,Oral Rehydration Salts,Diarrhea,40,600,Sachet,"Pani ki kami poori kare",Various,No,https://images.unsplash.com/photo-1559757175-5700dde675bc?w=400&q=80
41,Flagyl Suspension,Metronidazole,Diarrhea,180,300,200mg/5ml,"Bachon ka diarrhea",Sanofi,Yes,https://images.unsplash.com/photo-1584308666744-24d5c474f2ae?w=400&q=80
42,Smecta,Diosmectite,Diarrhea,200,250,Sachet,"Diarrhea aur pet dard",Ipsen,No,https://images.unsplash.com/photo-1559757175-5700dde675bc?w=400&q=80
43,Dulcolax,Bisacodyl,Constipation,120,300,5mg,"Qabz ke liye",Sanofi,No,https://www.drugs.com/images/pills/fio/GOO05110.JPG
44,Ispaghol,Psyllium Husk,Constipation,80,400,Sachet,"Natural qabz relief",Various,No,https://images.unsplash.com/photo-1559757175-5700dde675bc?w=400&q=80
45,Lactulose,Lactulose,Constipation,200,250,Syrup,"Soft stool ke liye",Various,No,https://images.unsplash.com/photo-1584308666744-24d5c474f2ae?w=400&q=80
46,Buscopan,Hyoscine,Stomach,150,350,10mg,"Pet dard aur cramping",Sanofi,No,https://www.drugs.com/images/pills/fio/GOO05120.JPG
47,Maalox,Aluminium+Magnesium,Antacid,180,300,Suspension,"Acidity aur gas",Pfizer,No,https://images.unsplash.com/photo-1584308666744-24d5c474f2ae?w=400&q=80
48,Dicloran,Diclofenac,Painkiller,100,400,50mg,"Joron ka dard",Searle,Yes,https://www.drugs.com/images/pills/fio/GOO05130.JPG
49,Voltaren,Diclofenac,Painkiller,200,300,75mg,"Muscle aur joint pain",Novartis,Yes,https://www.drugs.com/images/pills/fio/GOO05140.JPG
50,Celebrex,Celecoxib,Painkiller,600,150,200mg,"Arthritis pain",Pfizer,Yes,https://www.drugs.com/images/pills/fio/GOO05150.JPG
51,Tramadol,Tramadol,Painkiller,200,200,50mg,"Shadeed dard ke liye",Various,Yes,https://www.drugs.com/images/pills/fio/GOO05160.JPG
52,Cataflam,Diclofenac Potassium,Painkiller,180,250,50mg,"Acute pain relief",Novartis,Yes,https://www.drugs.com/images/pills/fio/GOO05170.JPG
53,Neurobion,Vitamin B Complex,Vitamins,150,500,Tablet,"Naso ki kamzori",Merck,No,https://www.drugs.com/images/pills/fio/GOO05180.JPG
54,Vitamin C,Ascorbic Acid,Vitamins,80,600,500mg,"Immunity boost",Various,No,https://www.drugs.com/images/pills/fio/GOO05190.JPG
55,Vitamin D3,Cholecalciferol,Vitamins,300,400,1000IU,"Haddi mazbooti",Various,No,https://www.drugs.com/images/pills/fio/GOO05200.JPG
56,Calcium Sandoz,Calcium+Vitamin D,Vitamins,400,300,Effervescent,"Calcium ki kami",Sandoz,No,https://www.drugs.com/images/pills/fio/GOO05210.JPG
57,Folic Acid,Folic Acid,Vitamins,60,500,5mg,"Pregnancy mein zaroori",Various,No,https://www.drugs.com/images/pills/fio/GOO05220.JPG
58,Ferrous Sulfate,Iron,Vitamins,80,400,200mg,"Khoon ki kami",Various,No,https://www.drugs.com/images/pills/fio/GOO05230.JPG
59,Zinc Sulphate,Zinc,Vitamins,100,350,20mg,"Immunity aur growth",Various,No,https://www.drugs.com/images/pills/fio/GOO05240.JPG
60,Omega-3,Fish Oil,Vitamins,500,250,1000mg,"Dil ki sehat",Various,No,https://www.drugs.com/images/pills/fio/GOO05250.JPG
61,Multivitamin,Multiple Vitamins,Vitamins,350,400,Tablet,"Rozana vitamins",Various,No,https://www.drugs.com/images/pills/fio/GOO05260.JPG
62,Calpol,Paracetamol,Painkiller,80,500,120mg/5ml,"Bachon ka bukhar",GSK,No,https://images.unsplash.com/photo-1584308666744-24d5c474f2ae?w=400&q=80
63,Nurofen,Ibuprofen,Painkiller,120,350,100mg/5ml,"Bachon ka dard",Reckitt,No,https://images.unsplash.com/photo-1584308666744-24d5c474f2ae?w=400&q=80
64,Amoxil Suspension,Amoxicillin,Antibiotic,200,300,125mg/5ml,"Bachon ki infection",GSK,Yes,https://images.unsplash.com/photo-1584308666744-24d5c474f2ae?w=400&q=80
65,Septran,Cotrimoxazole,Antibiotic,100,400,480mg,"Infection treatment",GSK,Yes,https://www.drugs.com/images/pills/fio/GOO05270.JPG
66,Erythromycin,Erythromycin,Antibiotic,150,300,250mg,"Throat aur skin infection",Various,Yes,https://www.drugs.com/images/pills/fio/GOO05280.JPG
67,Doxycycline,Doxycycline,Antibiotic,200,250,100mg,"Various infections",Various,Yes,https://www.drugs.com/images/pills/fio/GOO05290.JPG
68,Clindamycin,Clindamycin,Antibiotic,350,200,300mg,"Skin aur serious infections",Various,Yes,https://www.drugs.com/images/pills/fio/GOO05300.JPG
69,Fluconazole,Fluconazole,Antifungal,300,200,150mg,"Fungal infection",Various,Yes,https://www.drugs.com/images/pills/fio/GOO05310.JPG
70,Clotrimazole,Clotrimazole,Antifungal,200,300,Cream,"Skin fungal infection",Various,No,https://images.unsplash.com/photo-1620916566398-39f1143ab7be?w=400&q=80
71,Lamisil,Terbinafine,Antifungal,500,150,250mg,"Nakhon ki fungal infection",Novartis,Yes,https://www.drugs.com/images/pills/fio/GOO05320.JPG
72,Acyclovir,Acyclovir,Antiviral,400,200,200mg,"Herpes virus infection",Various,Yes,https://www.drugs.com/images/pills/fio/GOO05330.JPG
73,Tamiflu,Oseltamivir,Antiviral,2500,50,75mg,"Influenza treatment",Roche,Yes,https://www.drugs.com/images/pills/fio/GOO05340.JPG
74,Warfarin,Warfarin,Blood Thinner,100,200,5mg,"Blood clot prevention",Various,Yes,https://www.drugs.com/images/pills/fio/GOO05350.JPG
75,Aspirin Low Dose,Aspirin,Blood Thinner,50,500,75mg,"Heart attack prevention",Various,Yes,https://www.drugs.com/images/pills/fio/GOO05360.JPG
76,Clopidogrel,Clopidogrel,Blood Thinner,300,200,75mg,"Blood thinning",Various,Yes,https://www.drugs.com/images/pills/fio/GOO05370.JPG
77,Digoxin,Digoxin,Heart,150,200,0.25mg,"Heart failure treatment",Various,Yes,https://www.drugs.com/images/pills/fio/GOO05380.JPG
78,Lasix,Furosemide,Diuretic,80,300,40mg,"Paani khenchne ki dawai",Sanofi,Yes,https://www.drugs.com/images/pills/fio/GOO05390.JPG
79,Spironolactone,Spironolactone,Diuretic,150,250,25mg,"Water retention",Various,Yes,https://www.drugs.com/images/pills/fio/GOO05400.JPG
80,Levothyroxine,Levothyroxine,Thyroid,120,300,50mcg,"Thyroid hormone replacement",Various,Yes,https://www.drugs.com/images/pills/fio/GOO05410.JPG
81,Carbimazole,Carbimazole,Thyroid,150,200,5mg,"Overactive thyroid",Various,Yes,https://www.drugs.com/images/pills/fio/GOO05420.JPG
82,Prednisolone,Prednisolone,Steroid,100,300,5mg,"Inflammation aur allergy",Various,Yes,https://www.drugs.com/images/pills/fio/GOO05430.JPG
83,Dexamethasone,Dexamethasone,Steroid,80,250,0.5mg,"Severe inflammation",Various,Yes,https://www.drugs.com/images/pills/fio/GOO05440.JPG
84,Hydrocortisone Cream,Hydrocortisone,Skin,150,300,1% Cream,"Skin inflammation",Various,No,https://images.unsplash.com/photo-1620916566398-39f1143ab7be?w=400&q=80
85,Betnovate,Betamethasone,Skin,200,250,Cream,"Eczema aur psoriasis",GSK,Yes,https://images.unsplash.com/photo-1620916566398-39f1143ab7be?w=400&q=80
86,Eumovate,Clobetasone,Skin,250,200,Cream,"Mild skin conditions",GSK,No,https://images.unsplash.com/photo-1620916566398-39f1143ab7be?w=400&q=80
87,Nizoral Shampoo,Ketoconazole,Skin,400,200,2% Shampoo,"Dandruff aur scalp fungus",J&J,No,https://images.unsplash.com/photo-1535585209827-a15fcdbc4c2d?w=400&q=80
88,Scabies Lotion,Permethrin,Skin,300,200,5% Lotion,"Kharish aur scabies",Various,No,https://images.unsplash.com/photo-1620916566398-39f1143ab7be?w=400&q=80
89,Diazepam,Diazepam,Anxiety,80,100,5mg,"Anxiety aur neend ke liye",Various,Yes,https://www.drugs.com/images/pills/fio/GOO05450.JPG
90,Alprazolam,Alprazolam,Anxiety,100,100,0.5mg,"Anxiety treatment",Various,Yes,https://www.drugs.com/images/pills/fio/GOO05460.JPG
91,Sertraline,Sertraline,Antidepressant,300,150,50mg,"Depression treatment",Various,Yes,https://www.drugs.com/images/pills/fio/GOO05470.JPG
92,Fluoxetine,Fluoxetine,Antidepressant,200,200,20mg,"Depression aur anxiety",Various,Yes,https://www.drugs.com/images/pills/fio/GOO05480.JPG
93,Risperidone,Risperidone,Antipsychotic,400,100,2mg,"Mental health treatment",Various,Yes,https://www.drugs.com/images/pills/fio/GOO05490.JPG
94,Metoclopramide,Metoclopramide,Nausea,80,350,10mg,"Ulti aur nausea",Various,No,https://www.drugs.com/images/pills/fio/GOO05500.JPG
95,Ondansetron,Ondansetron,Nausea,300,200,4mg,"Chemotherapy nausea",Various,Yes,https://www.drugs.com/images/pills/fio/GOO05510.JPG
96,Domperidone,Domperidone,Nausea,100,400,10mg,"Ulti band karne ke liye",Various,No,https://www.drugs.com/images/pills/fio/GOO05520.JPG
97,Stemetil,Prochlorperazine,Nausea,120,300,5mg,"Vertigo aur nausea",Sanofi,Yes,https://www.drugs.com/images/pills/fio/GOO05530.JPG
98,Quinine,Quinine,Malaria,200,200,300mg,"Malaria treatment",Various,Yes,https://www.drugs.com/images/pills/fio/GOO05540.JPG
99,Chloroquine,Chloroquine,Malaria,150,250,250mg,"Malaria prevention",Various,Yes,https://www.drugs.com/images/pills/fio/GOO05550.JPG
100,Albendazole,Albendazole,Deworm,120,400,400mg,"Pait ke keere",GSK,No,https://www.drugs.com/images/pills/fio/GOO05560.JPG
